m4_keV,Ue4sq_95CL
1.000000000000000000e+01,3.795616705610310726e-02
1.850324874371859352e+01,3.974729274095572390e-02
2.700649748743718703e+01,3.975059251027973639e-02
3.550974623115578055e+01,4.015638393839886244e-02
4.401299497487437407e+01,3.975306201508897047e-02
5.251624371859296758e+01,3.814844678629582958e-02
6.101949246231156110e+01,3.233325056559392674e-02
6.952274120603016172e+01,2.955125835299007159e-02
7.802598994974874813e+01,2.647218118593892139e-02
8.652923869346733454e+01,2.417988190235347695e-02
9.503248743718593516e+01,2.053177899349024893e-02
1.035357361809045358e+02,1.626402271587342949e-02
1.120389849246231222e+02,1.487454417385997672e-02
1.205422336683417086e+02,1.282092038473443656e-02
1.290454824120603234e+02,1.156546010302575075e-02
1.375487311557789099e+02,9.847723448642356839e-03
1.460519798994974963e+02,8.638625701825951991e-03
1.545552286432160827e+02,7.299760921671649347e-03
1.630584773869346691e+02,6.665503649715203219e-03
1.715617261306532839e+02,5.537503815548933984e-03
1.800649748743718703e+02,4.765854269469611479e-03
1.885682236180904567e+02,4.041462019129912070e-03
1.970714723618090716e+02,3.285519046440256788e-03
2.055747211055276580e+02,2.824484966110145812e-03
2.140779698492462444e+02,2.446327468372549389e-03
2.225812185929648308e+02,2.007413815368995838e-03
2.310844673366834172e+02,1.681128444832764423e-03
2.395877160804020320e+02,1.414568154303241137e-03
2.480909648241206185e+02,1.176088057141315164e-03
2.565942135678392333e+02,9.937693211982130247e-04
2.650974623115578197e+02,8.642847490862655586e-04
2.736007110552764061e+02,7.371068506054672060e-04
2.821039597989949925e+02,6.341587947222695554e-04
2.906072085427135789e+02,5.434717456964280151e-04
2.991104572864321653e+02,4.695705421181816633e-04
3.076137060301507518e+02,4.040924607526455025e-04
3.161169547738693382e+02,3.522746984318310555e-04
3.246202035175879814e+02,3.063627410006349483e-04
3.331234522613065678e+02,2.678356543931728010e-04
3.416267010050251542e+02,2.318111783709412611e-04
3.501299497487437407e+02,2.066500418805690626e-04
3.586331984924623271e+02,1.783105857343041502e-04
3.671364472361809135e+02,1.590515688636910219e-04
3.756396959798994999e+02,1.393754434825646767e-04
3.841429447236181431e+02,1.245805537999203675e-04
3.926461934673367296e+02,1.102997565834224538e-04
4.011494422110553160e+02,9.930705392845695873e-05
4.096526909547739024e+02,8.762901286686111126e-05
4.181559396984924888e+02,7.826336919935865909e-05
4.266591884422110752e+02,7.018201530271294059e-05
4.351624371859296616e+02,6.324729839614959932e-05
4.436656859296482480e+02,5.746405680094784690e-05
4.521689346733668344e+02,5.191145345605295124e-05
4.606721834170854777e+02,4.746549928860320581e-05
4.691754321608040641e+02,4.345933790775059351e-05
4.776786809045226505e+02,3.996575259057871793e-05
4.861819296482412369e+02,3.690390555180896254e-05
4.946851783919598233e+02,3.429138792898598644e-05
5.031884271356784097e+02,3.195333401271570350e-05
5.116916758793969962e+02,2.991742290856097948e-05
5.201949246231156394e+02,2.806930383860085687e-05
5.286981733668342258e+02,2.653374802860103076e-05
5.372014221105528122e+02,2.521081996298299389e-05
5.457046708542713986e+02,2.399173180816246723e-05
5.542079195979899850e+02,2.308444256046014283e-05
5.627111683417085715e+02,2.220357418472902332e-05
5.712144170854271579e+02,2.155361700846910257e-05
5.797176658291457443e+02,2.093288967459011469e-05
5.882209145728643307e+02,2.047301765488113639e-05
5.967241633165829171e+02,2.011547355147837819e-05
6.052274120603015035e+02,1.984046468042949041e-05
6.137306608040200899e+02,1.964320650269381517e-05
6.222339095477386763e+02,1.952083850033415772e-05
6.307371582914573764e+02,1.947059215687723508e-05
6.392404070351759628e+02,1.945468506947452755e-05
6.477436557788945493e+02,1.951874999814539097e-05
6.562469045226131357e+02,1.960954414719987541e-05
6.647501532663317221e+02,1.974258288887421704e-05
6.732534020100503085e+02,1.991493127429433659e-05
6.817566507537688949e+02,2.010203204164241568e-05
6.902598994974874813e+02,2.033119311836746075e-05
6.987631482412060677e+02,2.057185220517231581e-05
7.072663969849246541e+02,2.082703377733275673e-05
7.157696457286432405e+02,2.110875669458699643e-05
7.242728944723618270e+02,2.139841350128377523e-05
7.327761432160804134e+02,2.170323529314710338e-05
7.412793919597989998e+02,2.201777781680115375e-05
7.497826407035175862e+02,2.234411894347974493e-05
7.582858894472362863e+02,2.268184750951688630e-05
7.667891381909548727e+02,2.303202391538600427e-05
7.752923869346734591e+02,2.339082384604000372e-05
7.837956356783920455e+02,2.376045513525846042e-05
7.922988844221106319e+02,2.414188641734872368e-05
8.008021331658292183e+02,2.453536847670191774e-05
8.093053819095478048e+02,2.493930947154844406e-05
8.178086306532663912e+02,2.535920851855625840e-05
8.263118793969849776e+02,2.578906076520446274e-05
8.348151281407035640e+02,2.623235867623573456e-05
8.433183768844221504e+02,2.669047875966031408e-05
8.518216256281407368e+02,2.716211215886347026e-05
8.603248743718593232e+02,2.765054681739891493e-05
8.688281231155779096e+02,2.815326954435961709e-05
8.773313718592964960e+02,2.867399338786589475e-05
8.858346206030150825e+02,2.921084986705327124e-05
8.943378693467336689e+02,2.976455157894464324e-05
9.028411180904523690e+02,3.033651720209988925e-05
9.113443668341709554e+02,3.092757725058618195e-05
9.198476155778895418e+02,3.153917617420906182e-05
9.283508643216081282e+02,3.217356126856837039e-05
9.368541130653267146e+02,3.282597816878897397e-05
9.453573618090453010e+02,3.350406076292197983e-05
9.538606105527638874e+02,3.420462606857455979e-05
9.623638592964824738e+02,3.492992183353564313e-05
9.708671080402010602e+02,3.568314485418644301e-05
9.793703567839196467e+02,3.646481892229248817e-05
9.878736055276382331e+02,3.726615055003013011e-05
9.963768542713568195e+02,3.810665109432215838e-05
1.004880103015075406e+03,3.897169465575810350e-05
1.013383351758793992e+03,3.987724931650418677e-05
1.021886600502512579e+03,4.080912865243103608e-05
1.030389849246231279e+03,4.177891151668047977e-05
1.038893097989949865e+03,4.279068233434022242e-05
1.047396346733668452e+03,4.383885762524000637e-05
1.055899595477387038e+03,4.492657652944577582e-05
1.064402844221105624e+03,4.606285038689360040e-05
1.072906092964824211e+03,4.724543365838770892e-05
1.081409341708542797e+03,4.847349768908663340e-05
1.089912590452261384e+03,4.975180821404761320e-05
1.098415839195979970e+03,5.109495451394955868e-05
1.106919087939698557e+03,5.248496395077282829e-05
1.115422336683417143e+03,5.393444792126880370e-05
1.123925585427135729e+03,5.544844207347936698e-05
1.132428834170854316e+03,5.703298403496769237e-05
1.140932082914572902e+03,5.869124465676823089e-05
1.149435331658291489e+03,6.042453086248885161e-05
1.157938580402010075e+03,6.223398440363704100e-05
1.166441829145728661e+03,6.412607274117574252e-05
1.174945077889447248e+03,6.611698026708021103e-05
1.183448326633165834e+03,6.819737539952435714e-05
1.191951575376884421e+03,7.038673091523335362e-05
1.200454824120603007e+03,7.267402859763019360e-05
1.208958072864321593e+03,7.509199255351717620e-05
1.217461321608040180e+03,7.762675694485718196e-05
1.225964570351758766e+03,8.029843013805484963e-05
1.234467819095477353e+03,8.310487477211651517e-05
1.242971067839196166e+03,8.606605652505603776e-05
1.251474316582914753e+03,8.919787893424865866e-05
1.259977565326633339e+03,9.249907027521520899e-05
1.268480814070351926e+03,9.597667018180819202e-05
1.276984062814070512e+03,9.967159564380056048e-05
1.285487311557789099e+03,1.035793299327728126e-04
1.293990560301507685e+03,1.077292025854393616e-04
1.302493809045226271e+03,1.121345095008195801e-04
1.310997057788944858e+03,1.168109105061681570e-04
1.319500306532663444e+03,1.217909703665503345e-04
1.328003555276382031e+03,1.270815951425496339e-04
1.336506804020100617e+03,1.327460609140155776e-04
1.345010052763819203e+03,1.387551663963905717e-04
1.353513301507537790e+03,1.452203226567933686e-04
1.362016550251256376e+03,1.521166266406148238e-04
1.370519798994974963e+03,1.595422204997051221e-04
1.379023047738693549e+03,1.675210109708515712e-04
1.387526296482412135e+03,1.761221718621829241e-04
1.396029545226130722e+03,1.853330759699906699e-04
1.404532793969849308e+03,1.953469393406228596e-04
1.413036042713567895e+03,2.061251039090940935e-04
1.421539291457286481e+03,2.179017560315069568e-04
1.430042540201005068e+03,2.306403948072895636e-04
1.438545788944723654e+03,2.445013981454490599e-04
1.447049037688442240e+03,2.597142800663106653e-04
1.455552286432160827e+03,2.763731441628664368e-04
1.464055535175879413e+03,2.946323024478136139e-04
1.472558783919598000e+03,3.146875741582066737e-04
1.481062032663316586e+03,3.370167089225948221e-04
1.489565281407035172e+03,3.615935984901785913e-04
1.498068530150753759e+03,3.890536895597490261e-04
1.506571778894472573e+03,4.197619139674249036e-04
1.515075027638191159e+03,4.541527735405478440e-04
1.523578276381909745e+03,4.930737463305156316e-04
1.532081525125628332e+03,5.371208980662381090e-04
1.540584773869346918e+03,5.873023143797455933e-04
1.549088022613065505e+03,6.450063978393862692e-04
1.557591271356784091e+03,7.115133344450943293e-04
1.566094520100502677e+03,7.891199342361879948e-04
1.574597768844221264e+03,8.800464982953111514e-04
1.583101017587939850e+03,9.875118011769589213e-04
1.591604266331658437e+03,1.116826507398774922e-03
1.600107515075377023e+03,1.273236720299883613e-03
1.608610763819095610e+03,1.465478142557446843e-03
1.617114012562814196e+03,1.706397368184283314e-03
1.625617261306532782e+03,2.013320051340260469e-03
1.634120510050251369e+03,2.414330547079658607e-03
1.642623758793969955e+03,2.952756412831949138e-03
1.651127007537688542e+03,3.703670700847098724e-03
1.659630256281407128e+03,4.798691727253580168e-03
1.668133505025125714e+03,6.502610968467517800e-03
1.676636753768844301e+03,9.409511282730657206e-03
1.685140002512562887e+03,1.511179538565816764e-02
1.693643251256281474e+03,2.943309408999397053e-02
1.702146500000000060e+03,9.495607311236953230e-02
